tensao,corrente,localizacao,temperatura,data
13,"3,1","-8.366507967816414, -36.68057381441562",25,11112021
13,"3,1","-8.366507967816414, -36.68057381441562",26,12112021
"12,5","2,9","-8.366507967816414, -36.68057381441562",28,13112021
"12,3","2,3","-8.366507967816414, -36.68057381441562",30,14112021
12,"2,01","-8.366507967816414, -36.68057381441562",29,15112021
"12,4","2,4","-8.366507967816414, -36.68057381441562",25,16112021
13,"3,1","-8.366507967816414, -36.68057381441562",23,17112021